,,Table reproduction,Table reproduction,Table reproduction,Table reproduction,Table reproduction,Table reproduction,Table reproduction,Table reproduction,Table reproduction,Table reproduction,Table reproduction,Table reproduction,Table reproduction,Table reproduction,Table reproduction,Table reproduction,Table reproduction,Table reproduction,Table reproduction,Table reproduction,Table reproduction,Table reproduction,Table reproduction,Table reproduction,Table reproduction,Table reproduction,Table reproduction,Table reproduction,Table reproduction,Table reproduction,Table reproduction,Table reproduction,Table reproduction,Table reproduction,Table reproduction,Table reproduction,Table reproduction,Table reproduction,Table reproduction,Table reproduction,Table reproduction,Table reproduction,Table reproduction,Table reproduction,Table reproduction,Table reproduction,Table reproduction,Table reproduction,Table reproduction,Table reproduction,Table reproduction,Table reproduction,Table reproduction,Table reproduction,Table reproduction,Table reproduction,Table reproduction,Table reproduction,Table reproduction,Table reproduction,Table reproduction,Table reproduction,Table reproduction,Mean parameter values,Mean parameter values,Mean parameter values,Mean parameter values,Mean parameter values,Mean parameter values,Mean parameter values,Mean parameter values,Mean parameter values,Mean parameter values,Mean parameter values,Mean parameter values,Mean parameter values,Mean parameter values,Mean parameter values,Mean parameter values,Mean parameter values,Mean parameter values,Mean parameter values,Mean parameter values,Mean parameter values,Mean parameter values,Mean parameter values,Mean parameter values,Mean parameter values,Mean parameter values,Mean parameter values,Mean parameter values,Mean parameter values,Mean parameter values,Mean parameter values,Mean parameter values,Mean parameter values,Mean parameter values,Mean parameter values,Mean parameter values,Mean parameter values,Mean parameter values,Mean parameter values,Mean parameter values,Mean parameter values,Mean parameter values,Mean parameter values,Mean parameter values,Mean parameter values,Mean parameter values,Mean parameter values,Mean parameter values,Mean parameter values,Mean parameter values,Mean parameter values,Mean parameter values,Mean parameter values,Mean parameter values,Mean parameter values,Mean parameter values,Mean parameter values,Mean parameter values,Mean parameter values,Mean parameter values,Mean parameter values,Mean parameter values,Mean parameter values,P-values,P-values,P-values,P-values,P-values,P-values,P-values,P-values,P-values,P-values,P-values,P-values,P-values,P-values,P-values,P-values,P-values,P-values,P-values,P-values,P-values,P-values,P-values,P-values,P-values,P-values,P-values,P-values,P-values,P-values,P-values,P-values,P-values,P-values,P-values,P-values,P-values,P-values,P-values,P-values,P-values,P-values,P-values,P-values,P-values,P-values,P-values,P-values,P-values,P-values,P-values,P-values,P-values,P-values,P-values,P-values,P-values,P-values,P-values,P-values,P-values,P-values,P-values
,,"All tests, min.
p-value","All tests, min.
p-value","All tests, min.
p-value","All tests, min.
p-value","All tests, min.
p-value","All tests, min.
p-value","All tests, min.
p-value","All tests, min.
p-value","All tests, min.
p-value","All normality
tests","All normality
tests","All normality
tests","All normality
tests","All normality
tests","All normality
tests","All normality
tests","All normality
tests","All normality
tests","One-sample
T-test","One-sample
T-test","One-sample
T-test","One-sample
T-test","One-sample
T-test","One-sample
T-test","One-sample
T-test","One-sample
T-test","One-sample
T-test","Shapiro-Wilk
test","Shapiro-Wilk
test","Shapiro-Wilk
test","Shapiro-Wilk
test","Shapiro-Wilk
test","Shapiro-Wilk
test","Shapiro-Wilk
test","Shapiro-Wilk
test","Shapiro-Wilk
test","Lilliefors-corr.
K-S test","Lilliefors-corr.
K-S test","Lilliefors-corr.
K-S test","Lilliefors-corr.
K-S test","Lilliefors-corr.
K-S test","Lilliefors-corr.
K-S test","Lilliefors-corr.
K-S test","Lilliefors-corr.
K-S test","Lilliefors-corr.
K-S test","D'Ag.-Pea.
test","D'Ag.-Pea.
test","D'Ag.-Pea.
test","D'Ag.-Pea.
test","D'Ag.-Pea.
test","D'Ag.-Pea.
test","D'Ag.-Pea.
test","D'Ag.-Pea.
test","D'Ag.-Pea.
test","And.-Dar.
test","And.-Dar.
test","And.-Dar.
test","And.-Dar.
test","And.-Dar.
test","And.-Dar.
test","And.-Dar.
test","And.-Dar.
test","And.-Dar.
test","All tests, min.
p-value","All tests, min.
p-value","All tests, min.
p-value","All tests, min.
p-value","All tests, min.
p-value","All tests, min.
p-value","All tests, min.
p-value","All tests, min.
p-value","All tests, min.
p-value","All normality
tests","All normality
tests","All normality
tests","All normality
tests","All normality
tests","All normality
tests","All normality
tests","All normality
tests","All normality
tests","One-sample
T-test","One-sample
T-test","One-sample
T-test","One-sample
T-test","One-sample
T-test","One-sample
T-test","One-sample
T-test","One-sample
T-test","One-sample
T-test","Shapiro-Wilk
test","Shapiro-Wilk
test","Shapiro-Wilk
test","Shapiro-Wilk
test","Shapiro-Wilk
test","Shapiro-Wilk
test","Shapiro-Wilk
test","Shapiro-Wilk
test","Shapiro-Wilk
test","Lilliefors-corr.
K-S test","Lilliefors-corr.
K-S test","Lilliefors-corr.
K-S test","Lilliefors-corr.
K-S test","Lilliefors-corr.
K-S test","Lilliefors-corr.
K-S test","Lilliefors-corr.
K-S test","Lilliefors-corr.
K-S test","Lilliefors-corr.
K-S test","D'Ag.-Pea.
test","D'Ag.-Pea.
test","D'Ag.-Pea.
test","D'Ag.-Pea.
test","D'Ag.-Pea.
test","D'Ag.-Pea.
test","D'Ag.-Pea.
test","D'Ag.-Pea.
test","D'Ag.-Pea.
test","And.-Dar.
test","And.-Dar.
test","And.-Dar.
test","And.-Dar.
test","And.-Dar.
test","And.-Dar.
test","And.-Dar.
test","And.-Dar.
test","And.-Dar.
test","All tests, min.
p-value","All tests, min.
p-value","All tests, min.
p-value","All tests, min.
p-value","All tests, min.
p-value","All tests, min.
p-value","All tests, min.
p-value","All tests, min.
p-value","All tests, min.
p-value","All normality
tests","All normality
tests","All normality
tests","All normality
tests","All normality
tests","All normality
tests","All normality
tests","All normality
tests","All normality
tests","One-sample
T-test","One-sample
T-test","One-sample
T-test","One-sample
T-test","One-sample
T-test","One-sample
T-test","One-sample
T-test","One-sample
T-test","One-sample
T-test","Shapiro-Wilk
test","Shapiro-Wilk
test","Shapiro-Wilk
test","Shapiro-Wilk
test","Shapiro-Wilk
test","Shapiro-Wilk
test","Shapiro-Wilk
test","Shapiro-Wilk
test","Shapiro-Wilk
test","Lilliefors-corr.
K-S test","Lilliefors-corr.
K-S test","Lilliefors-corr.
K-S test","Lilliefors-corr.
K-S test","Lilliefors-corr.
K-S test","Lilliefors-corr.
K-S test","Lilliefors-corr.
K-S test","Lilliefors-corr.
K-S test","Lilliefors-corr.
K-S test","D'Ag.-Pea.
test","D'Ag.-Pea.
test","D'Ag.-Pea.
test","D'Ag.-Pea.
test","D'Ag.-Pea.
test","D'Ag.-Pea.
test","D'Ag.-Pea.
test","D'Ag.-Pea.
test","D'Ag.-Pea.
test","And.-Dar.
test","And.-Dar.
test","And.-Dar.
test","And.-Dar.
test","And.-Dar.
test","And.-Dar.
test","And.-Dar.
test","And.-Dar.
test","And.-Dar.
test"
,,Ag,Al,Au,Cu,Ni,Pb,Sn,Steel,Zn,Ag,Al,Au,Cu,Ni,Pb,Sn,Steel,Zn,Ag,Al,Au,Cu,Ni,Pb,Sn,Steel,Zn,Ag,Al,Au,Cu,Ni,Pb,Sn,Steel,Zn,Ag,Al,Au,Cu,Ni,Pb,Sn,Steel,Zn,Ag,Al,Au,Cu,Ni,Pb,Sn,Steel,Zn,Ag,Al,Au,Cu,Ni,Pb,Sn,Steel,Zn,Ag,Al,Au,Cu,Ni,Pb,Sn,Steel,Zn,Ag,Al,Au,Cu,Ni,Pb,Sn,Steel,Zn,Ag,Al,Au,Cu,Ni,Pb,Sn,Steel,Zn,Ag,Al,Au,Cu,Ni,Pb,Sn,Steel,Zn,Ag,Al,Au,Cu,Ni,Pb,Sn,Steel,Zn,Ag,Al,Au,Cu,Ni,Pb,Sn,Steel,Zn,Ag,Al,Au,Cu,Ni,Pb,Sn,Steel,Zn,Ag,Al,Au,Cu,Ni,Pb,Sn,Steel,Zn,Ag,Al,Au,Cu,Ni,Pb,Sn,Steel,Zn,Ag,Al,Au,Cu,Ni,Pb,Sn,Steel,Zn,Ag,Al,Au,Cu,Ni,Pb,Sn,Steel,Zn,Ag,Al,Au,Cu,Ni,Pb,Sn,Steel,Zn,Ag,Al,Au,Cu,Ni,Pb,Sn,Steel,Zn,Ag,Al,Au,Cu,Ni,Pb,Sn,Steel,Zn
Demand response,Direct melt fraction elasticity to scrap spread,,,,,,,,,,,,,,,,,,,,,,,,,,,,,,,,,,,,,,,,,,,,,,,,,,,,,,,,,,,,,,,,0.39128621818679926,0.4495844750179897,0.5304567022218487,0.489342740581543,,,,,0.47491014859832537,0.39128621818679926,0.4495844750179897,0.5304567022218487,0.489342740581543,,,,,0.47491014859832537,0.39128621818679926,0.4495844750179897,0.5304567022218487,0.489342740581543,,,,,0.47491014859832537,0.39128621818679926,0.4495844750179897,0.5304567022218487,0.489342740581543,,,,,0.47491014859832537,0.39128621818679926,0.4495844750179897,0.5304567022218487,0.489342740581543,,,,,0.47491014859832537,0.39128621818679926,0.4495844750179897,0.5304567022218487,0.489342740581543,,,,,0.47491014859832537,0.39128621818679926,0.4495844750179897,0.5304567022218487,0.489342740581543,,,,,0.47491014859832537,0.10942464314104164,0.15,0.21302204265053307,0.5312462383156819,,,,,0.24314021354237036,0.135062575340271,0.15,0.21302204265053307,0.5312462383156819,,,,,0.24314021354237036,0.10942464314104164,0.32901212435705685,0.43095708461263504,0.6581302844904071,,,,,0.8741276240321119,0.135062575340271,0.3670412003993988,0.4012075662612915,0.5976577997207642,,,,,0.575652003288269,0.1847887971250059,0.3024855087097835,0.21302204265053307,0.823066835444681,,,,,0.24314021354237036,0.34821495378648004,0.795188829691199,0.3371118644889697,0.5312462383156819,,,,,0.5272338201762911,0.15,0.15,1.0,1.0,,,,,1.0
Demand response,Intensity elasticity to GDP,,0.9158758636324454,,0.918037138344276,,,1.0,0.9663038002176442,0.5241738347505328,,0.9158758636324454,,,,,,0.9663038002176442,0.5241738347505328,,,,0.918037138344276,,,1.0,0.9663038002176442,,,0.9158758636324454,,,,,,0.9663038002176442,,,,,,,,,,0.5241738347505328,,0.9158758636324454,,,,,,,,,0.9158758636324454,,,,,,0.9663038002176442,,0.13186929837747854,0.3954762286321606,0.338037640003726,0.3964094694850016,0.3426116630016351,0.3973827839740084,0.43180112538796095,0.41725106840064213,0.22633885174420315,0.13186929837747854,0.3954762286321606,0.338037640003726,0.3964094694850016,0.3426116630016351,0.3973827839740084,0.43180112538796095,0.41725106840064213,0.22633885174420315,0.13186929837747854,0.3954762286321606,0.338037640003726,0.3964094694850016,0.3426116630016351,0.3973827839740084,0.43180112538796095,0.41725106840064213,0.22633885174420315,0.13186929837747854,0.3954762286321606,0.338037640003726,0.3964094694850016,0.3426116630016351,0.3973827839740084,0.43180112538796095,0.41725106840064213,0.22633885174420315,0.13186929837747854,0.3954762286321606,0.338037640003726,0.3964094694850016,0.3426116630016351,0.3973827839740084,0.43180112538796095,0.41725106840064213,0.22633885174420315,0.13186929837747854,0.3954762286321606,0.338037640003726,0.3964094694850016,0.3426116630016351,0.3973827839740084,0.43180112538796095,0.41725106840064213,0.22633885174420315,0.13186929837747854,0.3954762286321606,0.338037640003726,0.3964094694850016,0.3426116630016351,0.3973827839740084,0.43180112538796095,0.41725106840064213,0.22633885174420315,0.17879482817391307,0.013164830465373145,0.287059194507769,0.08939919225601006,0.1454309709533251,0.10998858471039522,0.019702105215517678,0.037440910935401917,0.03743187583225481,0.5246433021283381,0.013164830465373145,0.287059194507769,0.138272225856781,0.1454309709533251,0.10998858471039522,0.1812912027892008,0.037440910935401917,0.03743187583225481,0.17879482817391307,0.29642800809147196,0.3398517227594896,0.08939919225601006,0.432860848179879,0.1372262970244551,0.019702105215517678,0.092889614467373,0.9286154822911687,0.7313598990440369,0.02756286785006523,0.5944616794586182,0.138272225856781,0.35760554671287537,0.1530790776014328,0.3643949031829834,0.037440910935401917,0.335280179977417,0.5246433021283381,0.3307228108999095,0.287059194507769,0.25675966384282,0.1454309709533251,0.10998858471039522,0.44353079178829596,0.2737293543609308,0.03743187583225481,0.8649070747468008,0.013164830465373145,0.929317005117279,0.8058794272114735,0.6138657141353605,0.31501883858594004,0.1812912027892008,0.2726806145071142,0.30994191453135805,1.0,0.1,1.0,0.15,1.0,0.15,1.0,0.1,0.15
Demand response,Intensity elasticity to price,,-1.0,-0.5697723498105982,-0.7759498628116223,-0.6314890213359898,,,-0.9336824928615126,-0.8773197109423257,,-1.0,-0.5697723498105982,-0.7759498628116223,,,,-0.9336824928615126,-0.8773197109423257,,-1.0,-0.5697723498105982,,-0.6314890213359898,,,,,,,,,,,,,,,-1.0,-0.5697723498105982,-0.7759498628116223,,,,-0.9336824928615126,-0.8773197109423257,,-1.0,,,,,,,,,,-0.5697723498105982,-0.7759498628116223,,,,-0.9336824928615126,-0.8773197109423257,-0.2795453468432054,-0.36689373734499026,-0.20904590685784752,-0.28469114515928856,-0.2316893671302916,-0.285197868983484,-0.27500859077386147,-0.34256225929954753,-0.3218831075940564,-0.2795453468432054,-0.36689373734499026,-0.20904590685784752,-0.28469114515928856,-0.2316893671302916,-0.285197868983484,-0.27500859077386147,-0.34256225929954753,-0.3218831075940564,-0.2795453468432054,-0.36689373734499026,-0.20904590685784752,-0.28469114515928856,-0.2316893671302916,-0.285197868983484,-0.27500859077386147,-0.34256225929954753,-0.3218831075940564,-0.2795453468432054,-0.36689373734499026,-0.20904590685784752,-0.28469114515928856,-0.2316893671302916,-0.285197868983484,-0.27500859077386147,-0.34256225929954753,-0.3218831075940564,-0.2795453468432054,-0.36689373734499026,-0.20904590685784752,-0.28469114515928856,-0.2316893671302916,-0.285197868983484,-0.27500859077386147,-0.34256225929954753,-0.3218831075940564,-0.2795453468432054,-0.36689373734499026,-0.20904590685784752,-0.28469114515928856,-0.2316893671302916,-0.285197868983484,-0.27500859077386147,-0.34256225929954753,-0.3218831075940564,-0.2795453468432054,-0.36689373734499026,-0.20904590685784752,-0.28469114515928856,-0.2316893671302916,-0.285197868983484,-0.27500859077386147,-0.34256225929954753,-0.3218831075940564,0.5454265333850561,0.03884304904471753,0.04312066868835802,0.08774988931256636,0.027664915321382485,0.20526916986776297,0.4415742161082018,0.04316653624561751,0.005448944171648714,0.5662190194825187,0.03884304904471753,0.07306821507502015,0.08774988931256636,0.12560071051120758,0.20526916986776297,0.6762170859846697,0.04316653624561751,0.005448944171648714,0.5454265333850561,0.05424312382510118,0.04312066868835802,0.3900367183800004,0.027664915321382485,0.501283759098264,0.4415742161082018,0.3618755487185741,0.7619724134339914,0.9895846843719482,0.10570190846920013,0.1454649120569229,0.16395193338394165,0.12560071051120758,0.4297124147415161,0.8506746292114258,0.5245428681373596,0.21369504928588867,0.5662190194825187,0.08159202443669851,0.07306821507502015,0.08774988931256636,0.34006995927435757,0.20526916986776297,0.7902380216838719,0.04316653624561751,0.005448944171648714,0.7165311771106336,0.03884304904471753,0.44116866623923956,0.3282393667636819,0.24623226161336959,0.5185252985111458,0.6762170859846697,0.6342782949660287,0.6628799702736241,1.0,1.0,0.1,0.1,1.0,1.0,1.0,0.05,0.01
Demand response,Intensity elasticity to time,-0.3277628298090588,0.3502953652998645,-1.0,-0.22476053420317635,-0.35092297833026986,-0.10681067297505432,-0.7909557062034837,-0.10847226148562004,-0.1499750824627254,-0.3277628298090588,0.3502953652998645,-1.0,-0.22476053420317635,-0.35092297833026986,-0.10681067297505432,-0.7909557062034837,-0.10847226148562004,-0.1499750824627254,-0.3277628298090588,0.3502953652998645,-1.0,-0.22476053420317635,-0.35092297833026986,,-0.7909557062034837,,-0.1499750824627254,-0.3277628298090588,,-1.0,-0.22476053420317635,,,-0.7909557062034837,,-0.1499750824627254,-0.3277628298090588,0.3502953652998645,-1.0,-0.22476053420317635,-0.35092297833026986,-0.10681067297505432,-0.7909557062034837,-0.10847226148562004,-0.1499750824627254,-0.3277628298090588,,,-0.22476053420317635,,,-0.7909557062034837,,-0.1499750824627254,-0.3277628298090588,0.3502953652998645,-1.0,-0.22476053420317635,-0.35092297833026986,-0.10681067297505432,-0.7909557062034837,-0.10847226148562004,-0.1499750824627254,-0.012436801456403234,0.013291787576616322,-0.03794451452487277,-0.008528429354690588,-0.013315602048364537,-0.004052879132113384,-0.030012430282569082,-0.004115927301486907,-0.005690731694875875,-0.012436801456403234,0.013291787576616322,-0.03794451452487277,-0.008528429354690588,-0.013315602048364537,-0.004052879132113384,-0.030012430282569082,-0.004115927301486907,-0.005690731694875875,-0.012436801456403234,0.013291787576616322,-0.03794451452487277,-0.008528429354690588,-0.013315602048364537,-0.004052879132113384,-0.030012430282569082,-0.004115927301486907,-0.005690731694875875,-0.012436801456403234,0.013291787576616322,-0.03794451452487277,-0.008528429354690588,-0.013315602048364537,-0.004052879132113384,-0.030012430282569082,-0.004115927301486907,-0.005690731694875875,-0.012436801456403234,0.013291787576616322,-0.03794451452487277,-0.008528429354690588,-0.013315602048364537,-0.004052879132113384,-0.030012430282569082,-0.004115927301486907,-0.005690731694875875,-0.012436801456403234,0.013291787576616322,-0.03794451452487277,-0.008528429354690588,-0.013315602048364537,-0.004052879132113384,-0.030012430282569082,-0.004115927301486907,-0.005690731694875875,-0.012436801456403234,0.013291787576616322,-0.03794451452487277,-0.008528429354690588,-0.013315602048364537,-0.004052879132113384,-0.030012430282569082,-0.004115927301486907,-0.005690731694875875,0.00011220796057554835,0.0009999999999998899,1.618006789688844e-08,0.0009999999999998899,0.0009999999999998899,0.0009999999999998899,4.6492714878447496e-07,0.0009999999999998899,0.0009999999999998899,0.0009999999999998899,0.0009999999999998899,0.0009999999999998899,0.0009999999999998899,0.0009999999999998899,0.0009999999999998899,0.0009999999999998899,0.0009999999999998899,0.0009999999999998899,0.00011220796057554835,0.011821702165291981,1.618006789688844e-08,0.06565337250608781,0.009136927414202875,0.35848864574789774,4.6492714878447496e-07,0.35752986511294527,0.0846653191846416,0.09302975982427597,0.2282109260559082,0.05057372525334358,0.003832950722426176,0.14628884196281433,0.26315629482269287,0.0023868477437645197,0.5495219826698303,0.01343801710754633,0.0009999999999998899,0.0009999999999998899,0.0009999999999998899,0.0009999999999998899,0.0009999999999998899,0.0009999999999998899,0.0009999999999998899,0.0009999999999998899,0.0009999999999998899,0.030757461401533442,0.7133639329525525,0.29394489200301255,0.013249628336050367,0.1767875396443191,0.4336072203336082,0.06530268844385302,0.732744364103924,0.012822803665574634,0.01,0.01,0.01,0.01,0.01,0.01,0.01,0.01,0.01
Mining production,Mine CU elasticity to TCM,,0.9069467716228033,0.4913643440441884,,0.6020302597606598,,1.0,0.5639758012262539,,,0.9069467716228033,0.4913643440441884,,0.6020302597606598,,,0.5639758012262539,,,,0.4913643440441884,,0.6020302597606598,,1.0,0.5639758012262539,,,,,,,,,,,,0.9069467716228033,0.4913643440441884,,0.6020302597606598,,,0.5639758012262539,,,,,,,,,,,,0.9069467716228033,,,0.6020302597606598,,,,,0.5275477215188921,0.5767720774697931,0.3124827634612455,0.4351259162602927,0.3828606644693463,0.5134074597203407,0.635949203984455,0.35865996185633137,0.5789516637349823,0.5275477215188921,0.5767720774697931,0.3124827634612455,0.4351259162602927,0.3828606644693463,0.5134074597203407,0.635949203984455,0.35865996185633137,0.5789516637349823,0.5275477215188921,0.5767720774697931,0.3124827634612455,0.4351259162602927,0.3828606644693463,0.5134074597203407,0.635949203984455,0.35865996185633137,0.5789516637349823,0.5275477215188921,0.5767720774697931,0.3124827634612455,0.4351259162602927,0.3828606644693463,0.5134074597203407,0.635949203984455,0.35865996185633137,0.5789516637349823,0.5275477215188921,0.5767720774697931,0.3124827634612455,0.4351259162602927,0.3828606644693463,0.5134074597203407,0.635949203984455,0.35865996185633137,0.5789516637349823,0.5275477215188921,0.5767720774697931,0.3124827634612455,0.4351259162602927,0.3828606644693463,0.5134074597203407,0.635949203984455,0.35865996185633137,0.5789516637349823,0.5275477215188921,0.5767720774697931,0.3124827634612455,0.4351259162602927,0.3828606644693463,0.5134074597203407,0.635949203984455,0.35865996185633137,0.5789516637349823,0.2834803569799713,0.025,0.0019641386828090643,0.15663977960998715,0.025,0.6161322593688965,0.032077337864706505,0.0071264034864540445,0.20124025725368228,0.2834803569799713,0.025,0.0932264215757342,0.38228318775299014,0.025,0.6161322593688965,0.5248446657330665,0.054971189580632504,0.45365428655202455,0.7145271888570506,0.11325047928291232,0.0019641386828090643,0.15663977960998715,0.0873414208130938,0.8819286086073677,0.032077337864706505,0.0071264034864540445,0.20124025725368228,0.5317125916481018,0.7399377226829529,0.7082144618034363,0.9345181584358215,0.3467255234718323,0.6161322593688965,0.9231797456741333,0.3197751045227051,0.4957447946071625,0.2834803569799713,0.04060394389990396,0.0932264215757342,0.38228318775299014,0.031609464901261736,0.6658487511203055,0.5248446657330665,0.054971189580632504,0.6644778838459635,0.9395096310390401,0.4901151615839823,0.8088580992932128,0.9733989800700874,0.5188729209621261,0.779581839334411,0.6912825502412959,0.5992888546553554,0.45365428655202455,1.0,0.025,0.15,1.0,0.025,1.0,1.0,0.15,1.0
Mining production,Mine cost change per year,-0.15186863287714872,0.03472788652145647,,1.0,,0.0017659601323150827,,-0.4307931467011205,-0.0023744062990920817,-0.15186863287714872,0.03472788652145647,,1.0,,0.0017659601323150827,,,-0.0023744062990920817,,,,1.0,,,,-0.4307931467011205,,-0.15186863287714872,0.03472788652145647,,,,0.0017659601323150827,,,-0.0023744062990920817,,,,,,0.0017659601323150827,,,-0.0023744062990920817,,,,,,,,,-0.0023744062990920817,,,,1.0,,0.0017659601323150827,,,-0.0023744062990920817,-0.3041201314890189,0.06954332316788915,-0.6077007236675986,2.0025210323387266,-0.7044223249860576,0.0035363723072326337,-0.13810729479782818,-0.8626723368563763,-0.004754798553249451,-0.3041201314890189,0.06954332316788915,-0.6077007236675986,2.0025210323387266,-0.7044223249860576,0.0035363723072326337,-0.13810729479782818,-0.8626723368563763,-0.004754798553249451,-0.3041201314890189,0.06954332316788915,-0.6077007236675986,2.0025210323387266,-0.7044223249860576,0.0035363723072326337,-0.13810729479782818,-0.8626723368563763,-0.004754798553249451,-0.3041201314890189,0.06954332316788915,-0.6077007236675986,2.0025210323387266,-0.7044223249860576,0.0035363723072326337,-0.13810729479782818,-0.8626723368563763,-0.004754798553249451,-0.3041201314890189,0.06954332316788915,-0.6077007236675986,2.0025210323387266,-0.7044223249860576,0.0035363723072326337,-0.13810729479782818,-0.8626723368563763,-0.004754798553249451,-0.3041201314890189,0.06954332316788915,-0.6077007236675986,2.0025210323387266,-0.7044223249860576,0.0035363723072326337,-0.13810729479782818,-0.8626723368563763,-0.004754798553249451,-0.3041201314890189,0.06954332316788915,-0.6077007236675986,2.0025210323387266,-0.7044223249860576,0.0035363723072326337,-0.13810729479782818,-0.8626723368563763,-0.004754798553249451,0.0842076912522316,0.09350724518299103,0.19195705176769592,0.0006230876367179799,0.20422424605987327,0.001534549100048293,0.25274060791191455,0.09464557137992019,0.005164964124560356,0.0842076912522316,0.09350724518299103,0.7806288836380372,0.1,0.4349869020521128,0.001534549100048293,0.25274060791191455,0.6170000433921814,0.005164964124560356,0.4349231274213098,0.5927825258884605,0.19195705176769592,0.0006230876367179799,0.20422424605987327,0.9029800572728752,0.8501379527620558,0.09464557137992019,0.5348039129423348,0.0842076912522316,0.09350724518299103,0.9485504031181335,0.17408248782157898,0.8813722729682922,0.05920971930027008,0.9376088380813599,0.6170000433921814,0.005164964124560356,0.5078603971459854,0.20953705316441643,0.7806288836380372,0.13302256411963448,0.4349869020521128,0.001534549100048293,0.25274060791191455,0.8216330551598501,0.0069362876995645185,0.14511166665383995,0.32257319475487634,0.8192972036108257,0.3525979242169478,0.6145079024002813,0.49273233181410947,0.9915948321006739,0.9623261116947983,0.02232394601441577,0.15,0.15,1.0,0.1,1.0,0.025,1.0,1.0,0.01
Mining production,Mine cost elasticity to ore grade,,-0.8249734846906567,-0.6618901125244301,-0.8410443360192746,-0.8929783509733482,,-0.9104128799845616,,,,-0.8249734846906567,-0.6618901125244301,-0.8410443360192746,-0.8929783509733482,,-0.9104128799845616,,,,,,,,,,,,,-0.8249734846906567,-0.6618901125244301,-0.8410443360192746,,,,,,,-0.8249734846906567,,-0.8410443360192746,,,,,,,,-0.6618901125244301,-0.8410443360192746,,,,,,,-0.8249734846906567,,-0.8410443360192746,-0.8929783509733482,,-0.9104128799845616,,,-0.5890468584779709,-0.48594803948465576,-0.3898842914401462,-0.4954145239728447,-0.5260060923296896,-0.4471545093999918,-0.536275846872788,-0.42193023445041195,-0.3997435165412358,-0.5890468584779709,-0.48594803948465576,-0.3898842914401462,-0.4954145239728447,-0.5260060923296896,-0.4471545093999918,-0.536275846872788,-0.42193023445041195,-0.3997435165412358,-0.5890468584779709,-0.48594803948465576,-0.3898842914401462,-0.4954145239728447,-0.5260060923296896,-0.4471545093999918,-0.536275846872788,-0.42193023445041195,-0.3997435165412358,-0.5890468584779709,-0.48594803948465576,-0.3898842914401462,-0.4954145239728447,-0.5260060923296896,-0.4471545093999918,-0.536275846872788,-0.42193023445041195,-0.3997435165412358,-0.5890468584779709,-0.48594803948465576,-0.3898842914401462,-0.4954145239728447,-0.5260060923296896,-0.4471545093999918,-0.536275846872788,-0.42193023445041195,-0.3997435165412358,-0.5890468584779709,-0.48594803948465576,-0.3898842914401462,-0.4954145239728447,-0.5260060923296896,-0.4471545093999918,-0.536275846872788,-0.42193023445041195,-0.3997435165412358,-0.5890468584779709,-0.48594803948465576,-0.3898842914401462,-0.4954145239728447,-0.5260060923296896,-0.4471545093999918,-0.536275846872788,-0.42193023445041195,-0.3997435165412358,0.1128207751945606,0.01,0.0021125417960100126,0.007331371825035271,0.1,0.29892323228784606,0.1,0.11947961775911972,0.1846816958304917,0.5739918694882477,0.01,0.0021125417960100126,0.007331371825035271,0.1,0.29892323228784606,0.1,0.11947961775911972,0.3888053297996521,0.1128207751945606,0.6194524438839702,0.13081956377898254,0.5870457845792836,0.39685030611650596,0.47289472505698127,0.42220916229395133,0.25023164169146905,0.1846816958304917,0.6103830337524414,0.015317840501666069,0.05136210098862648,0.017415642738342285,0.1350933313369751,0.32296672463417053,0.34400674700737,0.3544078469276428,0.3888053297996521,0.5739918694882477,0.07311767302690539,0.16394028519274978,0.0635773556614119,0.4477867447927201,0.3685609883800274,0.40509429177278516,0.11947961775911972,0.5125251449021875,0.8783595396044196,0.19102263072413858,0.0021125417960100126,0.007331371825035271,0.2814462592383906,0.29892323228784606,0.60342316670375,0.549316867776637,0.5266900102605765,1.0,0.01,0.15,0.025,0.1,1.0,0.1,1.0,1.0
Mining production,Ore grade elasticity to COT distribution mean,-0.13891718238358225,-0.34205307241705263,-0.383879219292682,-0.22468377869179512,-0.2533762039270491,-0.24550225805416412,-0.2789298399742534,-1.0,-0.6227488034279873,-0.13891718238358225,-0.34205307241705263,-0.383879219292682,-0.22468377869179512,-0.2533762039270491,-0.24550225805416412,-0.2789298399742534,-1.0,-0.6227488034279873,-0.13891718238358225,-0.34205307241705263,-0.383879219292682,-0.22468377869179512,-0.2533762039270491,-0.24550225805416412,-0.2789298399742534,-1.0,-0.6227488034279873,,,,,,,,,,-0.13891718238358225,-0.34205307241705263,-0.383879219292682,-0.22468377869179512,-0.2533762039270491,-0.24550225805416412,-0.2789298399742534,-1.0,-0.6227488034279873,-0.13891718238358225,-0.34205307241705263,-0.383879219292682,-0.22468377869179512,-0.2533762039270491,-0.24550225805416412,-0.2789298399742534,-1.0,-0.6227488034279873,-0.13891718238358225,-0.34205307241705263,-0.383879219292682,-0.22468377869179512,-0.2533762039270491,-0.24550225805416412,-0.2789298399742534,-1.0,-0.6227488034279873,-0.04449522066805956,-0.10955971519318145,-0.122956644233874,-0.07196629057606345,-0.0811564841175595,-0.07863445658193781,-0.08934132241677059,-0.32030033941516345,-0.19946665310837125,-0.04449522066805956,-0.10955971519318145,-0.122956644233874,-0.07196629057606345,-0.0811564841175595,-0.07863445658193781,-0.08934132241677059,-0.32030033941516345,-0.19946665310837125,-0.04449522066805956,-0.10955971519318145,-0.122956644233874,-0.07196629057606345,-0.0811564841175595,-0.07863445658193781,-0.08934132241677059,-0.32030033941516345,-0.19946665310837125,-0.04449522066805956,-0.10955971519318145,-0.122956644233874,-0.07196629057606345,-0.0811564841175595,-0.07863445658193781,-0.08934132241677059,-0.32030033941516345,-0.19946665310837125,-0.04449522066805956,-0.10955971519318145,-0.122956644233874,-0.07196629057606345,-0.0811564841175595,-0.07863445658193781,-0.08934132241677059,-0.32030033941516345,-0.19946665310837125,-0.04449522066805956,-0.10955971519318145,-0.122956644233874,-0.07196629057606345,-0.0811564841175595,-0.07863445658193781,-0.08934132241677059,-0.32030033941516345,-0.19946665310837125,-0.04449522066805956,-0.10955971519318145,-0.122956644233874,-0.07196629057606345,-0.0811564841175595,-0.07863445658193781,-0.08934132241677059,-0.32030033941516345,-0.19946665310837125,0.01,0.01,0.01,0.01,0.004794461268735183,0.01,0.0017160850073317004,0.01,0.0009999999999998899,0.01,0.01,0.01,0.01,0.004794461268735183,0.01,0.0017160850073317004,0.01,0.0009999999999998899,,,,,,,,,,1.0,1.0,1.0,1.0,1.0,1.0,1.0,1.0,1.0,,,,,,,,,,,,,,,,,,,0.01,0.01,0.01,0.01,0.01,0.01,0.01,0.01,0.01
Price formation,Refined price elasticity to SD,-0.9256022009220397,-0.7888145547306378,-0.7497160111377175,-0.9016417881536487,-0.6080865748989065,-1.0,-0.7344113205802735,-0.9527690228184463,,,-0.7888145547306378,-0.7497160111377175,,-0.6080865748989065,-1.0,-0.7344113205802735,-0.9527690228184463,,-0.9256022009220397,,,-0.9016417881536487,,-1.0,,-0.9527690228184463,,,,-0.7497160111377175,,,-1.0,-0.7344113205802735,,,,,,,-0.6080865748989065,-1.0,-0.7344113205802735,-0.9527690228184463,,,,,,,-1.0,-0.7344113205802735,,,,-0.7888145547306378,-0.7497160111377175,,-0.6080865748989065,-1.0,-0.7344113205802735,-0.9527690228184463,,-0.6574599006069612,-0.5602989472517586,-0.5325270550081235,-0.6404406988575319,-0.43192695382012786,-0.7103050316345746,-0.5216560562975608,-0.6767566308934992,-0.5276095968334709,-0.6574599006069612,-0.5602989472517586,-0.5325270550081235,-0.6404406988575319,-0.43192695382012786,-0.7103050316345746,-0.5216560562975608,-0.6767566308934992,-0.5276095968334709,-0.6574599006069612,-0.5602989472517586,-0.5325270550081235,-0.6404406988575319,-0.43192695382012786,-0.7103050316345746,-0.5216560562975608,-0.6767566308934992,-0.5276095968334709,-0.6574599006069612,-0.5602989472517586,-0.5325270550081235,-0.6404406988575319,-0.43192695382012786,-0.7103050316345746,-0.5216560562975608,-0.6767566308934992,-0.5276095968334709,-0.6574599006069612,-0.5602989472517586,-0.5325270550081235,-0.6404406988575319,-0.43192695382012786,-0.7103050316345746,-0.5216560562975608,-0.6767566308934992,-0.5276095968334709,-0.6574599006069612,-0.5602989472517586,-0.5325270550081235,-0.6404406988575319,-0.43192695382012786,-0.7103050316345746,-0.5216560562975608,-0.6767566308934992,-0.5276095968334709,-0.6574599006069612,-0.5602989472517586,-0.5325270550081235,-0.6404406988575319,-0.43192695382012786,-0.7103050316345746,-0.5216560562975608,-0.6767566308934992,-0.5276095968334709,0.003152976732018875,0.1,0.025,0.001591150385134559,0.01817754060149635,0.0008389706445926412,0.002822504209760272,0.0049053435502840505,0.617769787339218,0.5302519798278809,0.1,0.025,0.15,0.01817754060149635,0.0009999999999998899,0.002822504209760272,0.01,0.6310688853263855,0.003152976732018875,0.37047641482775806,0.2951004709787857,0.001591150385134559,0.10203770905152701,0.0008389706445926412,0.3753001297402593,0.0049053435502840505,0.617769787339218,0.5302519798278809,0.7131845355033875,0.052717968821525574,0.9408917427062988,0.13233144581317902,0.07327266037464142,0.008959339000284672,0.4547746777534485,0.6310688853263855,0.7064633652893207,0.20293871901324192,0.23347009034854965,0.2129376767873443,0.01817754060149635,0.0009999999999998899,0.002822504209760272,0.07801748908001742,0.970616715998435,0.785359148225441,0.8637365220865387,0.11424090265075834,0.795220301993118,0.1547935854896799,0.07778955435574353,0.024676314871730182,0.9741978923497313,0.8660177198831278,1.0,0.1,0.025,0.15,0.1,0.01,0.01,0.01,1.0
Price formation,Scrap spread elasticity to SD,1.0,,0.49124266066701755,,0.8145399954031658,,,,,1.0,,0.49124266066701755,,0.8145399954031658,,,,,1.0,,0.49124266066701755,,,,,,,,,0.49124266066701755,,,,,,,,,0.49124266066701755,,0.8145399954031658,,,,,,,0.49124266066701755,,,,,,,1.0,,0.49124266066701755,,0.8145399954031658,,,,,0.6775673603490258,0.44452571431975973,0.33284999287898326,0.5704916653695322,0.5519057145840306,0.5072555953807482,0.5483687702725859,0.47361160181182177,0.4901960994703147,0.6775673603490258,0.44452571431975973,0.33284999287898326,0.5704916653695322,0.5519057145840306,0.5072555953807482,0.5483687702725859,0.47361160181182177,0.4901960994703147,0.6775673603490258,0.44452571431975973,0.33284999287898326,0.5704916653695322,0.5519057145840306,0.5072555953807482,0.5483687702725859,0.47361160181182177,0.4901960994703147,0.6775673603490258,0.44452571431975973,0.33284999287898326,0.5704916653695322,0.5519057145840306,0.5072555953807482,0.5483687702725859,0.47361160181182177,0.4901960994703147,0.6775673603490258,0.44452571431975973,0.33284999287898326,0.5704916653695322,0.5519057145840306,0.5072555953807482,0.5483687702725859,0.47361160181182177,0.4901960994703147,0.6775673603490258,0.44452571431975973,0.33284999287898326,0.5704916653695322,0.5519057145840306,0.5072555953807482,0.5483687702725859,0.47361160181182177,0.4901960994703147,0.6775673603490258,0.44452571431975973,0.33284999287898326,0.5704916653695322,0.5519057145840306,0.5072555953807482,0.5483687702725859,0.47361160181182177,0.4901960994703147,0.0018083408833911186,0.3932544957862327,0.002476080947366353,0.19306617186734396,0.0054658294381801885,0.1825604811332548,0.4638508579068691,0.11235559833253314,0.4906825980367542,0.1,0.46240240782133357,0.002476080947366353,0.692379893974125,0.0054658294381801885,0.1825604811332548,0.5900643730094716,0.11235559833253314,0.4906825980367542,0.0018083408833911186,0.3932544957862327,0.03822198213053635,0.19306617186734396,0.256926814336254,0.9806587569655725,0.4638508579068691,0.8336775208813659,0.9836486915781236,0.5305520296096802,0.6682400107383728,0.017303233966231346,0.9117064476013184,0.9132784605026245,0.33937951922416687,0.8408644199371338,0.7816426157951355,0.5544856786727905,0.1446004247330102,0.4715363830789524,0.002476080947366353,0.6956668474292325,0.0054658294381801885,0.2773441581832763,0.701543115698863,0.11235559833253314,0.4906825980367542,0.3790501816675701,0.46240240782133357,0.00395719491904897,0.692379893974125,0.47036937272938095,0.1825604811332548,0.5900643730094716,0.655897984046377,0.692444050606566,0.1,1.0,0.01,1.0,0.025,1.0,1.0,1.0,1.0
Price formation,Scrap spread elasticity to price,,0.9702955551844101,0.9647592259674133,,,,,1.0,,,0.9702955551844101,0.9647592259674133,,,,,1.0,,,,,,,,,,,,,0.9647592259674133,,,,,,,,0.9702955551844101,,,,,,,,,,0.9647592259674133,,,,,1.0,,,,,,,,,,,0.4858167404355142,0.5333082672580722,0.5302653076918752,0.5106893652275317,0.44434633246829885,0.48518309069280313,0.5217181631329142,0.5496348657978898,0.5159651909720221,0.4858167404355142,0.5333082672580722,0.5302653076918752,0.5106893652275317,0.44434633246829885,0.48518309069280313,0.5217181631329142,0.5496348657978898,0.5159651909720221,0.4858167404355142,0.5333082672580722,0.5302653076918752,0.5106893652275317,0.44434633246829885,0.48518309069280313,0.5217181631329142,0.5496348657978898,0.5159651909720221,0.4858167404355142,0.5333082672580722,0.5302653076918752,0.5106893652275317,0.44434633246829885,0.48518309069280313,0.5217181631329142,0.5496348657978898,0.5159651909720221,0.4858167404355142,0.5333082672580722,0.5302653076918752,0.5106893652275317,0.44434633246829885,0.48518309069280313,0.5217181631329142,0.5496348657978898,0.5159651909720221,0.4858167404355142,0.5333082672580722,0.5302653076918752,0.5106893652275317,0.44434633246829885,0.48518309069280313,0.5217181631329142,0.5496348657978898,0.5159651909720221,0.4858167404355142,0.5333082672580722,0.5302653076918752,0.5106893652275317,0.44434633246829885,0.48518309069280313,0.5217181631329142,0.5496348657978898,0.5159651909720221,0.4524572053646363,0.06146337879962485,0.0754215195775032,0.15845339000225067,0.32799488103563,0.7675023499350986,0.2543686032295227,0.09629991886980034,0.4740590494385958,0.4524572053646363,0.06146337879962485,0.0754215195775032,0.15845339000225067,0.5532064282000606,0.7944610265102773,0.2543686032295227,0.09629991886980034,0.4740590494385958,0.7556460405034999,0.62742320431443,0.9652195316006332,0.5951674717853548,0.32799488103563,0.7675023499350986,0.7002569085196609,0.3068393159233611,0.6287664327459737,0.8034675121307373,0.47001293301582336,0.0754215195775032,0.15845339000225067,0.6415006518363953,0.9629023671150208,0.2543686032295227,0.25765329599380493,0.6865795254707336,0.4524572053646363,0.06146337879962485,0.3437906696854048,0.47510718567124227,0.8328849294469892,0.7944610265102773,0.4170449907323835,0.4986301461856399,0.7176942349069583,0.6022223876683676,0.5122395653624934,0.09085737683483038,0.308348777474979,0.5532064282000606,0.9066237818880377,0.6388633827692569,0.09629991886980034,0.4740590494385958,1.0,1.0,0.15,1.0,1.0,1.0,1.0,1.0,1.0
Price formation,TCRC elasticity to SD,0.8970392413353082,,0.7342617159117604,0.652210368692386,0.6562301335348778,0.5140886728454266,0.6499172115823479,1.0,0.5353563727711831,0.8970392413353082,,0.7342617159117604,0.652210368692386,0.6562301335348778,0.5140886728454266,0.6499172115823479,1.0,,0.8970392413353082,,,,,0.5140886728454266,,1.0,0.5353563727711831,,,,,0.6562301335348778,0.5140886728454266,,,,0.8970392413353082,,0.7342617159117604,0.652210368692386,0.6562301335348778,,0.6499172115823479,1.0,,,,,,,0.5140886728454266,,,,,,0.7342617159117604,0.652210368692386,0.6562301335348778,0.5140886728454266,0.6499172115823479,1.0,,0.6108792771712359,0.46318108635854716,0.5000285891651688,0.4441520283965618,0.44688946833032034,0.35009183812544664,0.442590399770667,0.6809950434965338,0.3645750363614584,0.6108792771712359,0.46318108635854716,0.5000285891651688,0.4441520283965618,0.44688946833032034,0.35009183812544664,0.442590399770667,0.6809950434965338,0.3645750363614584,0.6108792771712359,0.46318108635854716,0.5000285891651688,0.4441520283965618,0.44688946833032034,0.35009183812544664,0.442590399770667,0.6809950434965338,0.3645750363614584,0.6108792771712359,0.46318108635854716,0.5000285891651688,0.4441520283965618,0.44688946833032034,0.35009183812544664,0.442590399770667,0.6809950434965338,0.3645750363614584,0.6108792771712359,0.46318108635854716,0.5000285891651688,0.4441520283965618,0.44688946833032034,0.35009183812544664,0.442590399770667,0.6809950434965338,0.3645750363614584,0.6108792771712359,0.46318108635854716,0.5000285891651688,0.4441520283965618,0.44688946833032034,0.35009183812544664,0.442590399770667,0.6809950434965338,0.3645750363614584,0.6108792771712359,0.46318108635854716,0.5000285891651688,0.4441520283965618,0.44688946833032034,0.35009183812544664,0.442590399770667,0.6809950434965338,0.3645750363614584,0.021280440953458806,0.36073568486764707,0.021624326866034008,0.0009999999999998899,0.0019282271831718367,0.01077847294598063,0.09527161196881966,0.005467690094602694,0.009184306606314556,0.06343056618761118,0.36073568486764707,0.021624326866034008,0.0009999999999998899,0.0019282271831718367,0.01077847294598063,0.09527161196881966,0.031486836771729865,0.9385440951846507,0.021280440953458806,0.5973469980171904,0.6870844676414136,0.45591084771738066,0.7013119966136674,0.020549669570371888,0.2050611416122741,0.005467690094602694,0.009184306606314556,0.12108340859413147,0.41247430443763733,0.14911919832229614,0.16883811354637146,0.09899919480085373,0.013368943706154823,0.11160379648208618,0.1747136265039444,0.9777033925056458,0.06343056618761118,0.36073568486764707,0.021624326866034008,0.0009999999999998899,0.0019282271831718367,0.11416367370975486,0.09527161196881966,0.031486836771729865,0.9385440951846507,0.37957375056143655,0.6976069107421548,0.42317767329243117,0.1461060610060674,0.2192658801618574,0.01077847294598063,0.12539835467122493,0.3749300830585951,0.9808468219100684,1.0,1.0,0.05,0.01,0.01,0.05,0.1,0.1,1.0
Price formation,TCRC elasticity to price,,0.7566559233705951,0.7093849696728615,,,,1.0,0.6439330623693913,,,0.7566559233705951,0.7093849696728615,,,,1.0,0.6439330623693913,,,0.7566559233705951,0.7093849696728615,,,,,0.6439330623693913,,,,0.7093849696728615,,,,,,,,0.7566559233705951,,,,,1.0,0.6439330623693913,,,,,,,,,,,,0.7566559233705951,0.7093849696728615,,,,1.0,0.6439330623693913,,0.46409000933689415,0.3907486167902488,0.3663371779826806,0.494206525765004,0.48659335453530067,0.507047381875871,0.5164151957598142,0.33253681845970584,0.4550733810109966,0.46409000933689415,0.3907486167902488,0.3663371779826806,0.494206525765004,0.48659335453530067,0.507047381875871,0.5164151957598142,0.33253681845970584,0.4550733810109966,0.46409000933689415,0.3907486167902488,0.3663371779826806,0.494206525765004,0.48659335453530067,0.507047381875871,0.5164151957598142,0.33253681845970584,0.4550733810109966,0.46409000933689415,0.3907486167902488,0.3663371779826806,0.494206525765004,0.48659335453530067,0.507047381875871,0.5164151957598142,0.33253681845970584,0.4550733810109966,0.46409000933689415,0.3907486167902488,0.3663371779826806,0.494206525765004,0.48659335453530067,0.507047381875871,0.5164151957598142,0.33253681845970584,0.4550733810109966,0.46409000933689415,0.3907486167902488,0.3663371779826806,0.494206525765004,0.48659335453530067,0.507047381875871,0.5164151957598142,0.33253681845970584,0.4550733810109966,0.46409000933689415,0.3907486167902488,0.3663371779826806,0.494206525765004,0.48659335453530067,0.507047381875871,0.5164151957598142,0.33253681845970584,0.4550733810109966,0.50980096606125,0.025,0.003477055376103978,0.2699627807872677,0.2593084897916573,0.8080000069733544,0.021429128410935284,0.006510682604779899,0.46169297540287335,0.5113697052001953,0.025,0.0456245094537735,0.2699627807872677,0.2593084897916573,0.8080000069733544,0.021429128410935284,0.040270651082335136,0.5793499261955248,0.50980096606125,0.0725787890410385,0.003477055376103978,0.9129135126853437,0.9930868157479559,0.9881490278446565,0.5940962076331985,0.006510682604779899,0.46169297540287335,0.5113697052001953,0.43324553966522217,0.0456245094537735,0.6719684600830078,0.6108125448226929,0.9624276757240295,0.16130755841732025,0.4536711573600769,0.7576013803482056,0.5208293083237462,0.03887218525296147,0.1485699466387731,0.2699627807872677,0.2593084897916573,0.8080000069733544,0.021429128410935284,0.040270651082335136,0.6170898848976393,0.9588823854227703,0.2334993853889499,0.17861972790841835,0.5199047173691071,0.6735832025522369,0.8824574434525098,0.5815382496368949,0.5658135191162212,0.5793499261955248,1.0,0.025,0.1,1.0,1.0,1.0,0.1,0.1,1.0
Refinery operation,Primary refinery CU elasticity to TCRC,,0.5143941101599437,,0.9753599245454152,,0.7477404198316556,,0.5896937183891856,,,,,0.9753599245454152,,0.7477404198316556,,0.5896937183891856,,,0.5143941101599437,,0.9753599245454152,,,,0.5896937183891856,,,,,,,,,0.5896937183891856,,,,,0.9753599245454152,,0.7477404198316556,,0.5896937183891856,,,,,,,,,,,,,,,,0.7477404198316556,,0.5896937183891856,,0.5030855715242887,0.3148357216776103,0.4739026463677571,0.5969705711525227,0.5322282308856198,0.4576556963920513,0.5381321969748779,0.3609229649617982,0.6120515679693853,0.5030855715242887,0.3148357216776103,0.4739026463677571,0.5969705711525227,0.5322282308856198,0.4576556963920513,0.5381321969748779,0.3609229649617982,0.6120515679693853,0.5030855715242887,0.3148357216776103,0.4739026463677571,0.5969705711525227,0.5322282308856198,0.4576556963920513,0.5381321969748779,0.3609229649617982,0.6120515679693853,0.5030855715242887,0.3148357216776103,0.4739026463677571,0.5969705711525227,0.5322282308856198,0.4576556963920513,0.5381321969748779,0.3609229649617982,0.6120515679693853,0.5030855715242887,0.3148357216776103,0.4739026463677571,0.5969705711525227,0.5322282308856198,0.4576556963920513,0.5381321969748779,0.3609229649617982,0.6120515679693853,0.5030855715242887,0.3148357216776103,0.4739026463677571,0.5969705711525227,0.5322282308856198,0.4576556963920513,0.5381321969748779,0.3609229649617982,0.6120515679693853,0.5030855715242887,0.3148357216776103,0.4739026463677571,0.5969705711525227,0.5322282308856198,0.4576556963920513,0.5381321969748779,0.3609229649617982,0.6120515679693853,0.26690085063935387,0.002580055712779172,0.40387770828141323,0.06468016925424429,0.5186416599316925,0.01,0.4325913543331169,0.0009999999999998899,0.12668044420711427,0.26690085063935387,0.15,0.40387770828141323,0.077129609730242,0.5756618308470935,0.01,0.5324442887511085,0.0009999999999998899,0.23697470128536224,0.8783199359049582,0.002580055712779172,0.6623058946124865,0.06468016925424429,0.5186416599316925,0.5113166950956896,0.4325913543331169,0.054410604127472624,0.12668044420711427,0.5163071751594543,0.3132176995277405,0.43335872888565063,0.16617368161678314,0.7977089881896973,0.1618977189064026,0.6267402172088623,0.00497915456071496,0.23697470128536224,0.26690085063935387,0.21161481172171845,0.40387770828141323,0.077129609730242,0.5756618308470935,0.022413399799046087,0.5324442887511085,0.0009999999999998899,0.30306640244701394,0.8183443864895845,0.31975451534994676,0.668003762602204,0.197002684087582,0.8704618657329818,0.12592793633861646,0.781231240747421,0.18961255133234545,0.2563815064126133,1.0,0.15,1.0,1.0,1.0,0.01,1.0,0.01,1.0
Refinery operation,Primary refinery CU elasticity to price,,0.5831699363153442,,,0.606218918425396,,,,1.0,,,,,,,,,1.0,,0.5831699363153442,,,0.606218918425396,,,,1.0,,,,,,,,,1.0,,,,,,,,,,,,,,,,,,1.0,,,,,,,,,1.0,0.5036963640022672,0.3700973120629396,0.5426586598639453,0.5499951427551735,0.3847248945110585,0.5776764056275527,0.4138107351565602,0.5283444898151204,0.6346303007341803,0.5036963640022672,0.3700973120629396,0.5426586598639453,0.5499951427551735,0.3847248945110585,0.5776764056275527,0.4138107351565602,0.5283444898151204,0.6346303007341803,0.5036963640022672,0.3700973120629396,0.5426586598639453,0.5499951427551735,0.3847248945110585,0.5776764056275527,0.4138107351565602,0.5283444898151204,0.6346303007341803,0.5036963640022672,0.3700973120629396,0.5426586598639453,0.5499951427551735,0.3847248945110585,0.5776764056275527,0.4138107351565602,0.5283444898151204,0.6346303007341803,0.5036963640022672,0.3700973120629396,0.5426586598639453,0.5499951427551735,0.3847248945110585,0.5776764056275527,0.4138107351565602,0.5283444898151204,0.6346303007341803,0.5036963640022672,0.3700973120629396,0.5426586598639453,0.5499951427551735,0.3847248945110585,0.5776764056275527,0.4138107351565602,0.5283444898151204,0.6346303007341803,0.5036963640022672,0.3700973120629396,0.5426586598639453,0.5499951427551735,0.3847248945110585,0.5776764056275527,0.4138107351565602,0.5283444898151204,0.6346303007341803,0.368732094865404,0.012796249339274805,0.45953521628270233,0.29987467685901004,0.02649025594373384,0.10772389387972806,0.1351397602453766,0.15559060153035875,0.006732265930622816,0.368732094865404,0.9007809618296639,0.5748215317726135,0.29987467685901004,0.2901242147493793,0.29669463634490967,0.34420151868481597,0.15559060153035875,0.006732265930622816,0.9311330335583818,0.012796249339274805,0.45953521628270233,0.5203526431388068,0.02649025594373384,0.10772389387972806,0.1351397602453766,0.6014527665087639,0.08898699341360083,0.5393635630607605,0.9931228756904602,0.5748215317726135,0.6202748417854309,0.4645347595214844,0.29669463634490967,0.9782692790031433,0.3818819522857666,0.006732265930622816,0.368732094865404,0.9007809618296639,0.8917146991115945,0.29987467685901004,0.2901242147493793,0.37297564327657906,0.34420151868481597,0.15559060153035875,0.14454205763018058,0.6485960202405526,0.9251183010581308,0.8958768866072111,0.6636982650612219,0.4588059950508664,0.3876549329165602,0.9644240076723546,0.8085592085500762,0.020997433094066913,1.0,1.0,1.0,1.0,1.0,1.0,1.0,1.0,0.025
Refinery operation,Ref. cap. growth frac. from mine prod. growth,0.9395583686297675,,,,,,0.6783631641265501,,1.0,,,,,,,0.6783631641265501,,,0.9395583686297675,,,,,,,,1.0,,,,,,,0.6783631641265501,,,,,,,,,0.6783631641265501,,,,,,,,,0.6783631641265501,,,,,,,,,0.6783631641265501,,,0.5908117636743497,0.5526979197901452,0.5128841041867604,0.4731908737600052,0.4529131149535445,0.4558332915844043,0.4265673648288779,0.4989597051928001,0.6288185847740119,0.5908117636743497,0.5526979197901452,0.5128841041867604,0.4731908737600052,0.4529131149535445,0.4558332915844043,0.4265673648288779,0.4989597051928001,0.6288185847740119,0.5908117636743497,0.5526979197901452,0.5128841041867604,0.4731908737600052,0.4529131149535445,0.4558332915844043,0.4265673648288779,0.4989597051928001,0.6288185847740119,0.5908117636743497,0.5526979197901452,0.5128841041867604,0.4731908737600052,0.4529131149535445,0.4558332915844043,0.4265673648288779,0.4989597051928001,0.6288185847740119,0.5908117636743497,0.5526979197901452,0.5128841041867604,0.4731908737600052,0.4529131149535445,0.4558332915844043,0.4265673648288779,0.4989597051928001,0.6288185847740119,0.5908117636743497,0.5526979197901452,0.5128841041867604,0.4731908737600052,0.4529131149535445,0.4558332915844043,0.4265673648288779,0.4989597051928001,0.6288185847740119,0.5908117636743497,0.5526979197901452,0.5128841041867604,0.4731908737600052,0.4529131149535445,0.4558332915844043,0.4265673648288779,0.4989597051928001,0.6288185847740119,0.09356603907030023,0.2045455264176713,0.11608207816480162,0.30427759885787964,0.1452948374681144,0.4437503195508391,0.008865080216777982,0.7771968995714482,0.08944455990361129,0.6060601052008727,0.2045455264176713,0.11608207816480162,0.30427759885787964,0.1452948374681144,0.774823061944504,0.008865080216777982,0.7771968995714482,0.6420739889144897,0.09356603907030023,0.2893633534994329,0.9677288980887736,0.7739128203488352,0.5859432898289626,0.4437503195508391,0.1410541143967528,0.9347866680583075,0.08944455990361129,0.7018540501594543,0.7470534443855286,0.47737354040145874,0.30427759885787964,0.37094181776046753,0.879118025302887,0.04820743575692177,0.8721742033958435,0.6420739889144897,0.9448608829127405,0.2045455264176713,0.11608207816480162,0.5610384248240873,0.5023293919603236,0.774823061944504,0.008865080216777982,0.9225127021038872,0.8072520010980505,0.6060601052008727,0.847534559176502,0.7725756705128248,0.42077915211069095,0.1452948374681144,0.8167473395500243,0.012464224296042306,0.7771968995714482,0.8018863103010844,1.0,1.0,1.0,1.0,1.0,1.0,0.01,1.0,1.0
Refinery operation,Refinery SR elasticity to TCRC,,,-0.5212514436733865,,,,-0.8595389347934774,-1.0,,,,,,,,-0.8595389347934774,-1.0,,,,-0.5212514436733865,,,,-0.8595389347934774,-1.0,,,,,,,,,,,,,,,,,,-1.0,,,,,,,,-0.8595389347934774,,,,,,,,,,-1.0,,-0.5577490858909474,,-0.36669915296963185,-0.54699859153718,-0.5317435386480958,-0.5033929680226739,-0.604683599745933,-0.7034976256092705,-0.4681198857845776,-0.5577490858909474,,-0.36669915296963185,-0.54699859153718,-0.5317435386480958,-0.5033929680226739,-0.604683599745933,-0.7034976256092705,-0.4681198857845776,-0.5577490858909474,,-0.36669915296963185,-0.54699859153718,-0.5317435386480958,-0.5033929680226739,-0.604683599745933,-0.7034976256092705,-0.4681198857845776,-0.5577490858909474,,-0.36669915296963185,-0.54699859153718,-0.5317435386480958,-0.5033929680226739,-0.604683599745933,-0.7034976256092705,-0.4681198857845776,-0.5577490858909474,,-0.36669915296963185,-0.54699859153718,-0.5317435386480958,-0.5033929680226739,-0.604683599745933,-0.7034976256092705,-0.4681198857845776,-0.5577490858909474,,-0.36669915296963185,-0.54699859153718,-0.5317435386480958,-0.5033929680226739,-0.604683599745933,-0.7034976256092705,-0.4681198857845776,-0.5577490858909474,,-0.36669915296963185,-0.54699859153718,-0.5317435386480958,-0.5033929680226739,-0.604683599745933,-0.7034976256092705,-0.4681198857845776,0.2907284200191498,,0.02180475616892271,0.14535269330545808,0.2523683690168266,0.6617732330235853,0.040009186700568966,0.0009999999999998899,0.32472991927357575,0.2907284200191498,,0.2184380956721385,0.14535269330545808,0.2523683690168266,0.6617732330235853,0.05000754772919879,0.0009999999999998899,0.32472991927357575,0.3996164800809784,,0.02180475616892271,0.5752423368185422,0.5949647057813829,0.7933240333650662,0.040009186700568966,0.0013660136835025147,0.6582301540348996,0.2907284200191498,,0.26768729090690613,0.2858501076698303,0.9697474241256714,0.7255242466926575,0.13722465932369232,0.1361534595489502,0.8438760638237,0.6443961416067935,,0.46725151839452195,0.14535269330545808,0.2523683690168266,0.7202942005272447,0.32704965364322847,0.0009999999999998899,0.8714303086897818,0.31133804767031,,0.2184380956721385,0.5670422864909086,0.9580684931459458,0.6617732330235853,0.05000754772919879,0.3720392409551989,0.32472991927357575,1.0,,1.0,1.0,1.0,1.0,1.0,0.01,1.0
Refinery operation,Refinery SR elasticity to scrap spread,0.7983646747677715,,,0.7812051798600507,,,,0.6020373854550035,1.0,0.7983646747677715,,,0.7812051798600507,,,,0.6020373854550035,,,,,,,,,0.6020373854550035,1.0,,,,0.7812051798600507,,,,,,,,,0.7812051798600507,,,,0.6020373854550035,,,,,,,,,,,0.7983646747677715,,,0.7812051798600507,,,,,,0.48885584296461304,,0.5947870891840176,0.47834871556647146,0.5588297628447557,0.48506623059897336,0.5146125459716655,0.3686404256907111,0.6123214846734188,0.48885584296461304,,0.5947870891840176,0.47834871556647146,0.5588297628447557,0.48506623059897336,0.5146125459716655,0.3686404256907111,0.6123214846734188,0.48885584296461304,,0.5947870891840176,0.47834871556647146,0.5588297628447557,0.48506623059897336,0.5146125459716655,0.3686404256907111,0.6123214846734188,0.48885584296461304,,0.5947870891840176,0.47834871556647146,0.5588297628447557,0.48506623059897336,0.5146125459716655,0.3686404256907111,0.6123214846734188,0.48885584296461304,,0.5947870891840176,0.47834871556647146,0.5588297628447557,0.48506623059897336,0.5146125459716655,0.3686404256907111,0.6123214846734188,0.48885584296461304,,0.5947870891840176,0.47834871556647146,0.5588297628447557,0.48506623059897336,0.5146125459716655,0.3686404256907111,0.6123214846734188,0.48885584296461304,,0.5947870891840176,0.47834871556647146,0.5588297628447557,0.48506623059897336,0.5146125459716655,0.3686404256907111,0.6123214846734188,0.1,,0.11292612363920927,0.025,0.2506567263220454,0.16413548588752747,0.222825964214625,0.038891442395452,0.045117240546644094,0.1,,0.8552143157526186,0.025,0.5657243362628309,0.16413548588752747,0.222825964214625,0.048602961428421756,0.24828369269509806,0.9961344886633352,,0.11292612363920927,0.9706094300588051,0.2506567263220454,0.5636534760710699,0.6723873325972537,0.038891442395452,0.045117240546644094,0.18042723834514618,,0.9237346649169922,0.02762690745294094,0.7531708478927612,0.16413548588752747,0.8346940875053406,0.18042825162410736,0.37285247445106506,0.24174818916280305,,0.8552143157526186,0.03819958389945356,0.5657243362628309,0.5209246550656463,0.222825964214625,0.048602961428421756,0.26564367096555075,0.11392772915267996,,0.8866504783479965,0.25537657100781697,0.9309918454267756,0.21330890300097255,0.7474249830239861,0.31113072684990906,0.24828369269509806,0.1,,1.0,0.025,1.0,1.0,1.0,0.15,1.0
Refinery operation,Secondary refinery CU elasticity to TCRC,,,0.5670738553051894,0.6686249167090611,,1.0,,,0.9428720535069047,,,,,,,,,0.9428720535069047,,,0.5670738553051894,0.6686249167090611,,1.0,,,,,,,,,,,,,,,,,,,,,,,,,,,,,,0.9428720535069047,,,,,,,,,,0.5489776604108286,,0.3415016957037018,0.40265750344459794,0.5427288332966049,0.6022173170369695,0.5265007743628186,0.5696044233886831,0.5678138783720661,0.5489776604108286,,0.3415016957037018,0.40265750344459794,0.5427288332966049,0.6022173170369695,0.5265007743628186,0.5696044233886831,0.5678138783720661,0.5489776604108286,,0.3415016957037018,0.40265750344459794,0.5427288332966049,0.6022173170369695,0.5265007743628186,0.5696044233886831,0.5678138783720661,0.5489776604108286,,0.3415016957037018,0.40265750344459794,0.5427288332966049,0.6022173170369695,0.5265007743628186,0.5696044233886831,0.5678138783720661,0.5489776604108286,,0.3415016957037018,0.40265750344459794,0.5427288332966049,0.6022173170369695,0.5265007743628186,0.5696044233886831,0.5678138783720661,0.5489776604108286,,0.3415016957037018,0.40265750344459794,0.5427288332966049,0.6022173170369695,0.5265007743628186,0.5696044233886831,0.5678138783720661,0.5489776604108286,,0.3415016957037018,0.40265750344459794,0.5427288332966049,0.6022173170369695,0.5265007743628186,0.5696044233886831,0.5678138783720661,0.393972783838174,,0.01056466492667719,0.09725177055449799,0.4000902692554271,0.06581174643011269,0.15,0.30954143213468216,0.08041723877180929,0.5566785482174712,,0.289054151071299,0.5474440047687918,0.608085105906526,0.5025671705601991,0.15,0.6141794776505873,0.08041723877180929,0.393972783838174,,0.01056466492667719,0.09725177055449799,0.4000902692554271,0.06581174643011269,0.44038781160499507,0.30954143213468216,0.22443951959758007,0.982556939125061,,0.5074410438537598,0.6459411382675171,0.7684478163719177,0.9329341650009155,0.3029182553291321,0.7217517495155334,0.2270384579896927,0.5566785482174712,,0.5930790598307336,0.5474440047687918,0.6681641261244123,0.5025671705601991,0.29340494971431197,0.758319717534502,0.38928645999449146,0.932724792828119,,0.289054151071299,0.7890420062404886,0.608085105906526,0.9231368893040259,0.5252749394393823,0.6141794776505873,0.08041723877180929,1.0,,1.0,1.0,1.0,1.0,0.15,1.0,1.0
Refinery operation,Secondary refinery CU elasticity to price,,,,,0.8881584398172344,1.0,0.5813820877701951,,0.5332444415774235,,,,,,,0.5813820877701951,,0.5332444415774235,,,,,0.8881584398172344,1.0,,,0.5332444415774235,,,,,,,,,,,,,,,,0.5813820877701951,,0.5332444415774235,,,,,,,,,,,,,,,,0.5813820877701951,,0.5332444415774235,0.4206057193628895,,0.4940072324249298,0.47487067978211245,0.5849595659427054,0.658620736704454,0.38291029895397943,0.5660683305782286,0.3512058469552778,0.4206057193628895,,0.4940072324249298,0.47487067978211245,0.5849595659427054,0.658620736704454,0.38291029895397943,0.5660683305782286,0.3512058469552778,0.4206057193628895,,0.4940072324249298,0.47487067978211245,0.5849595659427054,0.658620736704454,0.38291029895397943,0.5660683305782286,0.3512058469552778,0.4206057193628895,,0.4940072324249298,0.47487067978211245,0.5849595659427054,0.658620736704454,0.38291029895397943,0.5660683305782286,0.3512058469552778,0.4206057193628895,,0.4940072324249298,0.47487067978211245,0.5849595659427054,0.658620736704454,0.38291029895397943,0.5660683305782286,0.3512058469552778,0.4206057193628895,,0.4940072324249298,0.47487067978211245,0.5849595659427054,0.658620736704454,0.38291029895397943,0.5660683305782286,0.3512058469552778,0.4206057193628895,,0.4940072324249298,0.47487067978211245,0.5849595659427054,0.658620736704454,0.38291029895397943,0.5660683305782286,0.3512058469552778,0.11756065992345144,,0.12789218437891564,0.6003551047443856,0.09376929909589608,0.015140656320163358,0.0036989237221448992,0.177373832164512,0.01,0.15,,0.12789218437891564,0.6003551047443856,0.21178245544433594,0.5755610409505232,0.0036989237221448992,0.22252671420574188,0.01,0.11756065992345144,,0.8526416328823123,0.6078206396350747,0.09376929909589608,0.015140656320163358,0.13008150742274596,0.177373832164512,0.04474184884297974,0.5159326195716858,,0.40245696902275085,0.8116305470466614,0.21178245544433594,0.9330723881721497,0.32189807295799255,0.22252671420574188,0.4285433888435364,0.2507872562089259,,0.21316227030418192,0.8103345494682089,0.25740554882530864,0.5755610409505232,0.0036989237221448992,0.5921627174431947,0.01868827022875928,0.5316550061363283,,0.12789218437891564,0.6003551047443856,0.25639901746197874,0.7170454177933827,0.16412170638332488,0.2586487292340328,0.2535236264196586,0.15,,1.0,1.0,1.0,1.0,0.01,1.0,0.01
Reserve development,Fraction of viable mines that open,0.09899910572116867,0.3354118927791724,0.1255068200867702,0.27929732296828885,0.1803353279067126,0.4801785074409666,,0.9922337000254888,,0.09899910572116867,0.3354118927791724,0.1255068200867702,0.27929732296828885,0.1803353279067126,,,0.9922337000254888,,0.09899910572116867,0.3354118927791724,0.1255068200867702,0.27929732296828885,0.1803353279067126,0.4801785074409666,,,,0.09899910572116867,,0.1255068200867702,0.27929732296828885,0.1803353279067126,,,,,0.09899910572116867,0.3354118927791724,0.1255068200867702,0.27929732296828885,0.1803353279067126,,,0.9922337000254888,,,,,,0.1803353279067126,,,,,0.09899910572116867,0.3354118927791724,0.1255068200867702,0.27929732296828885,0.1803353279067126,,,0.9922337000254888,,0.027112852637712674,0.09185914514693892,0.03437251168333429,0.07649106630392162,0.04938837715038881,0.13150633045829555,0.2738696722582133,0.27174271822953494,0.2527394984866953,0.027112852637712674,0.09185914514693892,0.03437251168333429,0.07649106630392162,0.04938837715038881,0.13150633045829555,0.2738696722582133,0.27174271822953494,0.2527394984866953,0.027112852637712674,0.09185914514693892,0.03437251168333429,0.07649106630392162,0.04938837715038881,0.13150633045829555,0.2738696722582133,0.27174271822953494,0.2527394984866953,0.027112852637712674,0.09185914514693892,0.03437251168333429,0.07649106630392162,0.04938837715038881,0.13150633045829555,0.2738696722582133,0.27174271822953494,0.2527394984866953,0.027112852637712674,0.09185914514693892,0.03437251168333429,0.07649106630392162,0.04938837715038881,0.13150633045829555,0.2738696722582133,0.27174271822953494,0.2527394984866953,0.027112852637712674,0.09185914514693892,0.03437251168333429,0.07649106630392162,0.04938837715038881,0.13150633045829555,0.2738696722582133,0.27174271822953494,0.2527394984866953,0.027112852637712674,0.09185914514693892,0.03437251168333429,0.07649106630392162,0.04938837715038881,0.13150633045829555,0.2738696722582133,0.27174271822953494,0.2527394984866953,2.025521718630039e-34,1.3244715347507744e-13,1.428794477088317e-14,3.685354649490434e-08,3.1630438110228745e-19,8.981754744318478e-07,0.15,0.009283328187552547,0.35431381162190734,0.0009999999999998899,0.0009999999999998899,0.01,0.0355890078719967,0.0009999999999998899,0.2130432426929474,0.15,0.009283328187552547,0.35431381162190734,2.025521718630039e-34,1.3244715347507744e-13,1.428794477088317e-14,3.685354649490434e-08,3.1630438110228745e-19,8.981754744318478e-07,0.2923518086387579,0.2574851568563584,0.90129624318107,0.04030771180987358,0.8786113262176514,0.01123567670583725,0.0932348445057869,0.01800769753754139,0.2130432426929474,0.6232515573501587,0.15480446815490723,0.3721894919872284,0.0009999999999998899,0.0009999999999998899,0.01172489072705397,0.0355890078719967,0.0009999999999998899,0.307954544414849,0.41712877026526474,0.009283328187552547,0.35431381162190734,0.1285771140110273,0.3992188300332128,0.12459397949744952,0.4329405388463957,0.006700581637778429,0.3194139989705155,0.6864067880163551,0.20736494526052218,0.9069425599360258,0.01,0.01,0.01,0.05,0.01,1.0,0.15,0.1,1.0
Reserve development,Incentive mine cost change per year,-0.15186863287714872,0.03472788652145647,,1.0,,0.0017659601323150827,,-0.4307931467011205,-0.0023744062990920817,-0.15186863287714872,0.03472788652145647,,1.0,,0.0017659601323150827,,,-0.0023744062990920817,,,,1.0,,,,-0.4307931467011205,,-0.15186863287714872,0.03472788652145647,,,,0.0017659601323150827,,,-0.0023744062990920817,,,,,,0.0017659601323150827,,,-0.0023744062990920817,,,,,,,,,-0.0023744062990920817,,,,1.0,,0.0017659601323150827,,,-0.0023744062990920817,-0.3041201314890189,0.06954332316788915,-0.6077007236675986,2.0025210323387266,-0.7044223249860576,0.0035363723072326337,-0.13810729479782818,-0.8626723368563763,-0.004754798553249451,-0.3041201314890189,0.06954332316788915,-0.6077007236675986,2.0025210323387266,-0.7044223249860576,0.0035363723072326337,-0.13810729479782818,-0.8626723368563763,-0.004754798553249451,-0.3041201314890189,0.06954332316788915,-0.6077007236675986,2.0025210323387266,-0.7044223249860576,0.0035363723072326337,-0.13810729479782818,-0.8626723368563763,-0.004754798553249451,-0.3041201314890189,0.06954332316788915,-0.6077007236675986,2.0025210323387266,-0.7044223249860576,0.0035363723072326337,-0.13810729479782818,-0.8626723368563763,-0.004754798553249451,-0.3041201314890189,0.06954332316788915,-0.6077007236675986,2.0025210323387266,-0.7044223249860576,0.0035363723072326337,-0.13810729479782818,-0.8626723368563763,-0.004754798553249451,-0.3041201314890189,0.06954332316788915,-0.6077007236675986,2.0025210323387266,-0.7044223249860576,0.0035363723072326337,-0.13810729479782818,-0.8626723368563763,-0.004754798553249451,-0.3041201314890189,0.06954332316788915,-0.6077007236675986,2.0025210323387266,-0.7044223249860576,0.0035363723072326337,-0.13810729479782818,-0.8626723368563763,-0.004754798553249451,0.0842076912522316,0.09350724518299103,0.19195705176769592,0.0006230876367179799,0.20422424605987327,0.001534549100048293,0.25274060791191455,0.09464557137992019,0.005164964124560356,0.0842076912522316,0.09350724518299103,0.7806288836380372,0.1,0.4349869020521128,0.001534549100048293,0.25274060791191455,0.6170000433921814,0.005164964124560356,0.4349231274213098,0.5927825258884605,0.19195705176769592,0.0006230876367179799,0.20422424605987327,0.9029800572728752,0.8501379527620558,0.09464557137992019,0.5348039129423348,0.0842076912522316,0.09350724518299103,0.9485504031181335,0.17408248782157898,0.8813722729682922,0.05920971930027008,0.9376088380813599,0.6170000433921814,0.005164964124560356,0.5078603971459854,0.20953705316441643,0.7806288836380372,0.13302256411963448,0.4349869020521128,0.001534549100048293,0.25274060791191455,0.8216330551598501,0.0069362876995645185,0.14511166665383995,0.32257319475487634,0.8192972036108257,0.3525979242169478,0.6145079024002813,0.49273233181410947,0.9915948321006739,0.9623261116947983,0.02232394601441577,0.15,0.15,1.0,0.1,1.0,0.025,1.0,1.0,0.01
Reserve development,Incentive ore grade elasticity to COT,,-0.5773707728712942,,,-0.7547264454123286,,-0.6652603727123122,-1.0,,,-0.5773707728712942,,,-0.7547264454123286,,-0.6652603727123122,,,,-0.5773707728712942,,,,,,-1.0,,,,,,,,-0.6652603727123122,,,,-0.5773707728712942,,,-0.7547264454123286,,-0.6652603727123122,,,,,,,,,,,,,,,,-0.7547264454123286,,-0.6652603727123122,,,-0.4741666553973013,-0.4131335580983888,-0.513475131223918,-0.5294515997436018,-0.540039150637178,-0.5026567973171491,-0.47602233738590133,-0.7155429015636774,-0.4451472095975571,-0.4741666553973013,-0.4131335580983888,-0.513475131223918,-0.5294515997436018,-0.540039150637178,-0.5026567973171491,-0.47602233738590133,-0.7155429015636774,-0.4451472095975571,-0.4741666553973013,-0.4131335580983888,-0.513475131223918,-0.5294515997436018,-0.540039150637178,-0.5026567973171491,-0.47602233738590133,-0.7155429015636774,-0.4451472095975571,-0.4741666553973013,-0.4131335580983888,-0.513475131223918,-0.5294515997436018,-0.540039150637178,-0.5026567973171491,-0.47602233738590133,-0.7155429015636774,-0.4451472095975571,-0.4741666553973013,-0.4131335580983888,-0.513475131223918,-0.5294515997436018,-0.540039150637178,-0.5026567973171491,-0.47602233738590133,-0.7155429015636774,-0.4451472095975571,-0.4741666553973013,-0.4131335580983888,-0.513475131223918,-0.5294515997436018,-0.540039150637178,-0.5026567973171491,-0.47602233738590133,-0.7155429015636774,-0.4451472095975571,-0.4741666553973013,-0.4131335580983888,-0.513475131223918,-0.5294515997436018,-0.540039150637178,-0.5026567973171491,-0.47602233738590133,-0.7155429015636774,-0.4451472095975571,0.1369155646936243,0.017961999572671427,0.5840724044357573,0.3604451265411668,0.01,0.7115647924088204,0.050646284504114986,0.0002985454732973636,0.3139649585966469,0.1369155646936243,0.017961999572671427,0.5840724044357573,0.3604451265411668,0.01,0.7115647924088204,0.050646284504114986,0.5920850549898153,0.5524632248066321,0.5870014421190684,0.09575996662247693,0.7422286173356903,0.4024636706729665,0.3751617469940478,0.9977101380276381,0.8821645153879815,0.0002985454732973636,0.3139649585966469,0.40415889024734497,0.4733559489250183,0.7260214686393738,0.3756701648235321,0.14147303998470306,0.7792044281959534,0.08883573859930038,0.8407540917396545,0.9008508920669556,0.7339027533864694,0.017961999572671427,0.5840724044357573,0.6999415983892012,0.022631936393168656,0.768624771377739,0.050646284504114986,0.6759326893229481,0.5524632248066321,0.1369155646936243,0.7734766224340475,0.7998703116445838,0.3604451265411668,0.37495015600932385,0.7115647924088204,0.2996622605640293,0.5920850549898153,0.9312989626597156,1.0,0.15,1.0,1.0,0.01,1.0,0.1,1.0,1.0
Reserve development,Incentive tonnage elasticity to price,1.0,0.9953834660424494,,0.8902835104849338,0.7967422982773524,,,,,1.0,,,0.8902835104849338,0.7967422982773524,,,,,1.0,0.9953834660424494,,,,,,,,1.0,,,,,,,,,,,,0.8902835104849338,,,,,,,,,,,,,,,1.0,,,,0.7967422982773524,,,,,0.6483225012848978,0.6453294984422719,0.5058984981723228,0.5771908323702918,0.5165459596986512,0.5258716802126567,0.5785269361059395,0.4220173916429179,0.5318945026705311,0.6483225012848978,0.6453294984422719,0.5058984981723228,0.5771908323702918,0.5165459596986512,0.5258716802126567,0.5785269361059395,0.4220173916429179,0.5318945026705311,0.6483225012848978,0.6453294984422719,0.5058984981723228,0.5771908323702918,0.5165459596986512,0.5258716802126567,0.5785269361059395,0.4220173916429179,0.5318945026705311,0.6483225012848978,0.6453294984422719,0.5058984981723228,0.5771908323702918,0.5165459596986512,0.5258716802126567,0.5785269361059395,0.4220173916429179,0.5318945026705311,0.6483225012848978,0.6453294984422719,0.5058984981723228,0.5771908323702918,0.5165459596986512,0.5258716802126567,0.5785269361059395,0.4220173916429179,0.5318945026705311,0.6483225012848978,0.6453294984422719,0.5058984981723228,0.5771908323702918,0.5165459596986512,0.5258716802126567,0.5785269361059395,0.4220173916429179,0.5318945026705311,0.6483225012848978,0.6453294984422719,0.5058984981723228,0.5771908323702918,0.5165459596986512,0.5258716802126567,0.5785269361059395,0.4220173916429179,0.5318945026705311,0.009291670927919366,0.00932417949692112,0.12308333814144135,0.06384418980104642,0.1,0.3431027050182155,0.14044639664714492,0.15756518793829813,0.618498822347695,0.08993734419345856,0.10753668556077234,0.12308333814144135,0.06384418980104642,0.1,0.3431027050182155,0.4578317105943924,0.31727333807764246,0.6533357446591597,0.009291670927919366,0.00932417949692112,0.745472653849714,0.39788747454300244,0.9146768972865383,0.5348285395899011,0.14044639664714492,0.15756518793829813,0.618498822347695,0.08993734419345856,0.14346331357955933,0.12308333814144135,0.46363767981529236,0.8779855966567993,0.6731828451156616,0.610639750957489,0.4585568606853485,0.9229745268821716,0.11571104407827182,0.10753668556077234,0.4402471460040146,0.06384418980104642,0.17115658735833786,0.4898012836914048,0.4578317105943924,0.4202236395180537,0.8047697089202009,0.35661554851372756,0.26922672039625084,0.13513792253807433,0.3728054871727205,0.8547327097305395,0.3431027050182155,0.5883010416683456,0.31727333807764246,0.6533357446591597,0.1,0.15,0.15,1.0,0.1,1.0,1.0,1.0,1.0
Secondary supply,Collection elasticity to scrap price,,1.0,,0.9941025649931984,,0.6799974362556717,0.6812820028106611,,,,,,,,0.6799974362556717,0.6812820028106611,,,,1.0,,0.9941025649931984,,0.6799974362556717,,,,,,,,,,,,,,,,,,,0.6812820028106611,,,,,,,,,,,,,,,,,0.6799974362556717,0.6812820028106611,,,0.43240427275331156,0.6124885051406482,0.4701728200053212,0.6088763939891682,0.48258976262468917,0.41649061323170955,0.41727739548072873,0.5647295571203252,0.5906733238228044,0.43240427275331156,0.6124885051406482,0.4701728200053212,0.6088763939891682,0.48258976262468917,0.41649061323170955,0.41727739548072873,0.5647295571203252,0.5906733238228044,0.43240427275331156,0.6124885051406482,0.4701728200053212,0.6088763939891682,0.48258976262468917,0.41649061323170955,0.41727739548072873,0.5647295571203252,0.5906733238228044,0.43240427275331156,0.6124885051406482,0.4701728200053212,0.6088763939891682,0.48258976262468917,0.41649061323170955,0.41727739548072873,0.5647295571203252,0.5906733238228044,0.43240427275331156,0.6124885051406482,0.4701728200053212,0.6088763939891682,0.48258976262468917,0.41649061323170955,0.41727739548072873,0.5647295571203252,0.5906733238228044,0.43240427275331156,0.6124885051406482,0.4701728200053212,0.6088763939891682,0.48258976262468917,0.41649061323170955,0.41727739548072873,0.5647295571203252,0.5906733238228044,0.43240427275331156,0.6124885051406482,0.4701728200053212,0.6088763939891682,0.48258976262468917,0.41649061323170955,0.41727739548072873,0.5647295571203252,0.5906733238228044,0.24467286117755935,0.0634395141126441,0.31296117969127857,0.07943902637523972,0.3192798442645754,0.08366046795939458,0.044801627641534586,0.2144296267753112,0.10853918162863029,0.617070198059082,0.4490244024487048,0.31296117969127857,0.3682605743850875,0.3192798442645754,0.1,0.044801627641534586,0.8609010327656339,0.6188871264457703,0.24467286117755935,0.0634395141126441,0.4826597030157068,0.07943902637523972,0.9233284620563224,0.08366046795939458,0.28380928183040577,0.2144296267753112,0.10853918162863029,0.617070198059082,0.8385913968086243,0.6725290417671204,0.3885478377342224,0.8345664143562317,0.2337658852338791,0.26129409670829773,0.9140344858169556,0.6188871264457703,0.8431029780103007,0.7177744699885844,0.31296117969127857,0.3682605743850875,0.8992616445118518,0.18665228541574258,0.044801627641534586,0.9009221365327656,0.8068765820809324,0.7894460098915524,0.4490244024487048,0.6289680281424377,0.4238019010980928,0.3192798442645754,0.42257208376626554,0.4527329144644673,0.8609010327656339,0.9134475095705668,1.0,1.0,1.0,1.0,1.0,0.1,0.1,1.0,1.0
